City_ID,City,Lat,Lng,Max Temp,Humidity,Cloudiness,Wind Speed,Country,Date
0,verkhnyaya toyma,62.2349,44.9985,27.158000000000005,96,100,3.6,RU,1678363185
1,guerrero negro,27.9769,-114.0611,54.391999999999996,83,98,6.41,MX,1678363186
2,khvoynaya,58.9,34.5333,23.27000000000006,88,100,5.06,RU,1678363188
3,atuona,-9.8,-139.0333,79.358,79,7,4.28,PF,1678363190
4,college,64.8569,-147.8028,30.52400000000001,91,100,4.12,US,1678363191
5,ushuaia,-54.8,-68.3,46.05800000000001,53,40,4.63,AR,1678363193
6,saint-pierre,-21.3393,55.4781,84.90200000000007,74,75,8.75,RE,1678363194
7,hermanus,-34.4187,19.2345,60.8,81,97,5.69,ZA,1678363195
8,biak,-0.9131,122.8766,78.06200000000005,82,100,0.59,ID,1678363197
9,moron,-34.6534,-58.6198,80.99600000000005,79,2,2.8,AR,1678363198
10,hualmay,-11.0964,-77.6139,73.23800000000004,82,100,2.88,PE,1678363199
11,lusambo,-4.9667,23.45,82.56200000000005,67,99,1.72,CD,1678363201
12,kodiak,57.79,-152.4072,36.391999999999996,92,24,3.06,US,1678363203
13,avarua,-21.2078,-159.775,75.25400000000005,94,100,1.03,CK,1678363206
14,elizabeth city,36.2946,-76.2511,42.02600000000009,85,0,2.57,US,1678363209
15,tuktoyaktuk,69.4541,-133.0374,-4.629999999999939,89,100,4.57,CA,1678363230
16,mae hong son,19.3003,97.9685,91.54400000000007,38,20,2.06,TH,1678363237
17,biggar,55.6167,-3.5167,36.55400000000005,56,100,6.89,GB,1678363240
18,pevek,69.7008,170.3133,-12.225999999999935,96,96,0.64,RU,1678363242
19,nikolskoye,59.7035,30.7861,21.091999999999995,90,100,4.34,RU,1678363244
20,busselton,-33.65,115.3333,67.17200000000004,78,76,6.23,AU,1678363246
21,mayo,38.8876,-76.5119,38.08399999999999,67,0,4.63,US,1678363067
22,hasaki,35.7333,140.8333,59.21600000000001,72,71,8.2,JP,1678363252
23,sitka,57.0531,-135.33,20.462000000000057,70,40,2.09,US,1678363255
24,oxelosund,58.6706,17.1015,32.378000000000064,55,20,6.69,SE,1678363257
25,hobart,-42.8794,147.3294,60.65600000000003,72,75,4.63,AU,1678363218
26,roma,43.2128,-75.4557,26.510000000000083,81,74,2.61,US,1678363204
27,georgetown,5.4112,100.3354,87.74600000000005,70,20,3.09,MY,1678363262
28,puerto escondido,15.85,-97.0667,74.82200000000003,78,5,2.73,MX,1678363263
29,tessalit,20.1986,1.0114,97.08800000000005,6,0,2.58,ML,1678363265
30,tarata,-17.6167,-66.0167,58.082000000000015,78,99,1.42,BO,1678363267
31,sydney,-33.8679,151.2073,67.38800000000005,71,0,0.45,AU,1678362470
32,mackay,-21.15,149.2,79.68200000000002,86,31,4.49,AU,1678363223
33,ottawa,45.4112,-75.6981,24.02600000000009,74,75,6.69,CA,1678362997
34,necochea,-38.5473,-58.7368,73.81400000000004,45,47,3.85,AR,1678363271
35,albany,42.6001,-73.9662,30.632000000000016,70,27,2.24,US,1678363236
36,qaanaaq,77.484,-69.3632,6.278000000000066,60,11,3.52,GL,1678363274
37,vaitape,-16.5167,-151.75,82.058,72,38,3.76,PF,1678363275
38,mataura,-46.1927,168.8643,49.01000000000008,95,9,1.06,NZ,1678363277
39,butaritari,3.0707,172.7902,81.32000000000006,77,99,4.5,KI,1678363278
40,turiacu,-1.6633,-45.3717,79.21400000000003,90,93,1.18,BR,1678363280
41,beringovskiy,63.05,179.3167,20.804000000000052,97,100,5.02,RU,1678363281
42,new norfolk,-42.7826,147.0587,60.29600000000005,70,100,1.34,AU,1678363283
43,evensk,61.95,159.2333,4.028000000000066,99,97,1.16,RU,1678363285
44,kaeo,-35.1,173.7833,65.31800000000008,92,100,3.02,NZ,1678363286
45,hilo,19.7297,-155.09,72.28399999999999,92,1,0.89,US,1678363287
46,honiara,-9.4333,159.95,77.07200000000003,88,100,0.67,SB,1678363289
47,verkhnevilyuysk,63.4453,120.3167,13.424000000000014,93,100,3.8,RU,1678363290
48,wonthaggi,-38.6044,145.5913,58.820000000000064,80,28,6.96,AU,1678363292
49,kudahuvadhoo,2.6708,72.8944,82.31000000000009,77,56,6.92,MV,1678363293
50,beisfjord,68.3751,17.5988,28.454000000000054,90,100,2.57,NO,1678363295
51,morant bay,17.8815,-76.4093,74.82200000000003,69,97,3.09,JM,1678363297
52,namibe,-15.1961,12.1522,80.74400000000007,58,53,5.47,AO,1678363298
53,nipawin,53.3668,-104.0009,-11.16399999999998,77,0,2.06,CA,1678363300
54,cape town,-33.9258,18.4232,69.38600000000007,79,75,5.14,ZA,1678363096
55,barrow,71.2906,-156.7887,-7.581999999999965,84,0,6.69,US,1678363304
56,takoradi,4.8845,-1.7554,84.47000000000006,71,21,3.72,GH,1678363305
57,oga,46.4631,10.347,47.96600000000001,81,28,1.64,IT,1678363307
58,puerto ayora,-0.7393,-90.3518,73.54400000000007,99,76,0.45,EC,1678363309
59,vaini,-21.2,-175.2,75.36200000000005,73,20,4.63,TO,1678363310
60,punta arenas,-53.15,-70.9167,42.908,70,75,7.72,CL,1678363023
61,port alfred,-33.5906,26.891,78.18800000000005,69,0,1.34,ZA,1678363313
62,provideniya,64.3833,-173.3,1.9760000000000915,75,26,1.13,RU,1678363315
63,heilbron,-27.2812,27.9709,84.66800000000009,19,0,4.13,ZA,1678363316
64,karratha,-20.7377,116.8463,86.684,63,20,2.45,AU,1678363318
65,padang,-0.9492,100.3543,84.25400000000005,87,79,1.14,ID,1678363229
66,jamestown,42.097,-79.2353,26.18600000000007,97,100,3.09,US,1678363320
67,leningradskiy,69.3833,178.4167,2.5700000000000607,90,100,2.21,RU,1678363322
68,kupang,-10.1667,123.5833,79.37600000000009,94,20,1.03,ID,1678363271
69,mar del plata,-38.0023,-57.5575,69.83600000000007,85,0,3.09,AR,1678363102
70,baculin,7.4525,126.5842,77.73800000000004,86,24,4.21,PH,1678363326
71,riyadh,24.6877,46.7219,89.74400000000007,11,64,6.92,SA,1678363218
72,nokaneng,-19.6667,22.2667,91.07600000000009,37,58,2.67,BW,1678363328
73,bow island,49.8668,-111.3684,8.888000000000044,85,100,1.03,CA,1678363330
74,aklavik,68.2191,-135.0107,4.262000000000057,95,100,3.95,CA,1678363331
75,talnakh,69.4865,88.3972,-14.745999999999945,98,100,4.75,RU,1678363333
76,bluff,-46.6,168.3333,55.814000000000036,81,52,2.62,NZ,1678363334
77,lebu,-37.6167,-73.65,58.26200000000006,91,100,1.88,CL,1678363336
78,qax,41.4225,46.9242,45.59000000000002,54,100,0.86,AZ,1678363338
79,buala,-8.145,159.5921,78.38600000000007,82,100,2.0,SB,1678363339
80,castro,-24.7911,-50.0119,69.78200000000001,86,94,1.3,BR,1678363341
81,ulagan,50.6321,87.9563,21.398000000000025,77,72,1.53,RU,1678363342
82,eureka,40.8021,-124.1637,45.57200000000004,71,100,4.92,US,1678363344
83,saint-philippe,-21.3585,55.7679,82.11200000000005,82,69,4.81,RE,1678363345
84,chokurdakh,70.6333,147.9167,-17.733999999999938,98,99,2.79,RU,1678363347
85,touros,-5.1989,-35.4608,82.99400000000007,72,52,6.91,BR,1678363348
86,fort nelson,58.8053,-122.7002,-8.013999999999982,77,0,1.03,CA,1678363215
87,hofn,64.2539,-15.2082,26.618000000000087,46,75,10.29,IS,1678363351
88,saskylakh,71.9167,114.0833,-4.665999999999954,99,100,2.23,RU,1678363352
89,constitucion,-35.3333,-72.4167,59.306000000000026,88,58,1.3,CL,1678363354
90,rovaniemi,66.5,25.7167,11.60600000000003,67,0,5.66,FI,1678363355
91,rikitea,-23.1203,-134.9692,78.62000000000006,82,53,3.86,PF,1678363357
92,alamor,-4.0181,-80.0197,61.12400000000001,97,100,1.33,EC,1678363359
93,victoria point,-27.5833,153.3,76.96400000000003,85,100,0.45,AU,1678363360
94,praia da vitoria,38.7333,-27.0667,63.75200000000008,94,75,11.27,PT,1678363362
95,bredasdorp,-34.5322,20.0403,65.78600000000007,71,95,5.11,ZA,1678363363
96,jinchang,38.4953,102.1739,53.51000000000008,16,0,4.34,CN,1678363364
97,arraial do cabo,-22.9661,-42.0278,78.76400000000004,83,20,5.66,BR,1678363366
98,bengkulu,-3.8004,102.2655,78.11600000000001,88,49,3.02,ID,1678363367
99,rockland,41.1668,-74.0496,33.65600000000003,76,44,0.45,US,1678363214
100,mahebourg,-20.4081,57.7,83.24600000000005,94,75,2.06,MU,1678363269
101,aswan,24.0934,32.907,81.69800000000002,18,0,2.06,EG,1678363372
102,vestmanna,62.1564,-7.1664,31.118000000000087,74,40,5.66,FO,1678363374
103,bilma,18.6853,12.9164,97.52000000000007,7,48,4.43,NE,1678363375
104,upington,-28.4478,21.2561,84.57800000000006,20,0,1.54,ZA,1678363376
105,cumana,10.4635,-64.1775,75.97400000000002,79,98,0.98,VE,1678363378
106,ippy,6.2679,21.2247,97.64600000000004,27,70,4.99,CF,1678363241
107,rutigliano,41.0111,17.0055,70.88000000000004,57,33,5.69,IT,1678363380
108,clyde river,70.4692,-68.5914,1.6339999999999932,78,0,5.14,CA,1678363382
109,sioux lookout,50.1001,-91.917,14.072000000000038,85,100,1.54,CA,1678363384
110,kindu,-2.95,25.95,88.358,49,98,1.26,CD,1678363386
111,half moon bay,37.4636,-122.4286,46.31000000000008,84,75,2.57,US,1678363388
112,husavik,66.0449,-17.3389,24.512000000000057,71,100,7.2,IS,1678363389
113,coolum beach,-26.5333,153.1,78.11600000000001,76,100,2.1,AU,1678363391
114,faanui,-16.4833,-151.75,82.058,72,40,3.73,PF,1678363393
115,novyy urengoy,66.0833,76.6333,-1.5159999999999556,84,100,7.35,RU,1678363395
116,broken hill,-31.95,141.4333,65.984,39,0,3.53,AU,1678363396
117,lazaro cardenas,17.9583,-102.2,69.31400000000004,81,28,1.67,MX,1678363398
118,filingue,14.3521,3.3168,101.89400000000008,16,89,4.09,NE,1678363400
119,ende,-8.8432,121.6623,79.23200000000001,89,53,0.78,ID,1678363402
120,mount vernon,40.9126,-73.8371,35.24000000000002,71,20,5.66,US,1678363403
121,nemuro,43.3236,145.575,28.25600000000003,81,49,3.61,JP,1678363405
122,tiksi,71.6872,128.8694,-28.695999999999948,100,54,0.96,RU,1678363407
123,lubao,14.9167,120.55,85.71200000000006,65,43,0.51,PH,1678363408
124,waingapu,-9.6567,120.2641,78.89000000000001,87,6,0.64,ID,1678363410
125,mwene-ditu,-7.0,23.45,81.17600000000009,61,100,2.01,CD,1678363412
126,souillac,-20.5167,57.5167,80.97800000000007,94,75,2.06,MU,1678363414
127,vernon,50.2581,-119.2691,27.932000000000016,73,85,4.12,CA,1678363415
128,kyabram,-36.3167,145.05,57.86600000000001,62,0,3.37,AU,1678363417
129,acarau,-2.8856,-40.12,80.96000000000008,78,83,5.69,BR,1678363177
130,alberton,46.8168,-64.0654,30.11000000000008,90,99,7.5,CA,1678363419
131,bathsheba,13.2167,-59.5167,79.41200000000006,73,20,2.57,BB,1678363421
132,lavrentiya,65.5833,-171.0,-8.193999999999974,92,66,1.62,RU,1678363423
133,chuy,-33.6971,-53.4616,75.84800000000003,69,4,2.79,UY,1678363424
134,lompoc,34.6391,-120.4579,42.530000000000044,92,100,2.41,US,1678363426
135,hithadhoo,-0.6,73.0833,81.98600000000008,71,91,1.91,MV,1678363429
136,hirara,24.8,125.2833,68.27000000000007,73,75,4.63,JP,1678363430
137,dunhua,43.3725,128.2425,35.42000000000006,66,42,0.93,CN,1678363433
138,hamilton,39.1834,-84.5333,33.242,82,0,0.89,US,1678363101
139,ponta do sol,32.6667,-17.1,74.71400000000003,89,20,2.54,PT,1678363436
140,general roca,-39.0333,-67.5833,67.62200000000004,20,93,5.26,AR,1678363437
141,dolores,-36.3132,-57.6792,73.5260000000001,70,3,1.79,AR,1678363438
142,kuandian,40.7286,124.7847,43.898000000000025,61,13,1.37,CN,1678363440
143,clarence town,-32.5833,151.7833,73.85,76,0,1.47,AU,1678363441
144,bereda,43.2686,-7.5406,54.57200000000004,95,92,5.34,ES,1678363443
145,yondo,7.0062,-73.9097,77.48600000000008,100,75,1.54,CO,1678363445
146,alice springs,-23.7,133.8833,71.15,37,59,3.09,AU,1678363285
147,airai,-8.9266,125.4092,60.81800000000008,94,81,0.43,TL,1678363450
148,portales,34.1862,-103.3344,47.102000000000075,93,89,3.45,US,1678363453
149,upata,8.0086,-62.3989,71.18600000000006,75,96,2.54,VE,1678363455
150,mandalgovi,45.7625,106.2708,50.702000000000076,21,61,11.75,MN,1678363457
151,matay,28.419,30.7792,78.71000000000008,18,7,1.54,EG,1678363458
152,wajima,37.4,136.9,54.75200000000008,71,100,5.05,JP,1678363460
153,thompson,55.7435,-97.8558,-20.03799999999994,76,0,1.03,CA,1678363462
154,bowen,-20.0167,148.2333,80.34800000000003,87,77,3.49,AU,1678363390
155,mount isa,-20.7333,139.5,69.566,100,75,6.17,AU,1678363282
156,two hills,53.7169,-111.7518,-5.313999999999979,92,73,3.09,CA,1678363218
157,ittiri,40.5929,8.5684,58.1,74,29,6.8,IT,1678363468
158,ilulissat,69.2167,-51.1,-8.64399999999997,90,11,1.59,GL,1678363470
159,ginir,7.1333,40.7,76.58600000000007,32,85,1.91,ET,1678363471
160,langsa,4.4683,97.9683,78.0260000000001,81,83,0.81,ID,1678363473
161,pacific grove,36.6177,-121.9166,43.682000000000016,91,0,1.54,US,1678363475
162,launceston,-41.45,147.1667,58.80200000000008,75,70,6.17,AU,1678363477
163,nanortalik,60.1432,-45.2371,24.998000000000026,67,65,3.07,GL,1678363478
164,los llanos de aridane,28.6585,-17.9182,67.74800000000002,86,20,4.12,ES,1678363481
165,tecoanapa,16.5167,-98.75,71.36600000000001,85,4,1.83,MX,1678363482
166,puerto del rosario,28.5004,-13.8627,69.54800000000003,78,20,5.66,ES,1678363484
167,vestmannaeyjar,63.4427,-20.2734,32.99000000000002,47,0,3.6,IS,1678363485
168,wanaka,-44.7,169.15,51.62000000000006,82,15,2.1,NZ,1678363487
169,netarhat,23.4833,84.2667,78.00800000000001,19,51,3.49,IN,1678363489
170,jumla,29.2747,82.1838,52.214000000000034,48,97,1.93,NP,1678363491
171,miyazu,35.5333,135.1833,54.42800000000007,85,100,3.24,JP,1678363492
172,tela,15.7833,-87.45,73.34600000000005,94,75,1.03,HN,1678363494
173,salinopolis,-0.6136,-47.3561,77.21600000000001,88,93,1.18,BR,1678363495
174,mount gambier,-37.8333,140.7667,56.94800000000002,91,59,1.62,AU,1678363498
175,cabedelo,-6.9811,-34.8339,86.66600000000001,69,100,7.41,BR,1678363499
176,ouahigouya,13.5828,-2.4216,96.99800000000002,4,99,3.83,BF,1678363290
177,kapaa,22.0752,-159.319,71.58200000000002,74,0,2.68,US,1678363502
178,ust-tsilma,65.441,52.1498,23.414000000000033,93,100,4.65,RU,1678363504
179,saint george,37.1041,-113.5841,34.39400000000008,64,0,0.0,US,1678363320
180,port-gentil,-0.7193,8.7815,87.76400000000004,70,20,5.14,GA,1678363508
181,montecristi,-1.05,-80.6667,73.22000000000006,88,100,2.06,EC,1678363510
182,henties bay,-22.116,14.2845,69.04400000000007,69,1,6.09,NA,1678363512
183,porbandar,21.6422,69.6093,85.766,37,0,7.21,IN,1678363513
184,santa isabel do rio negro,-0.4139,-65.0192,74.28200000000001,96,100,0.9,BR,1678363515
185,xiaoshi,41.2971,124.1209,47.444000000000074,59,49,2.56,CN,1678363516
186,sao filipe,14.8961,-24.4956,81.46400000000003,49,0,3.21,CV,1678363518
187,cabo san lucas,22.8909,-109.9124,66.05600000000003,66,94,4.82,MX,1678363520
188,itupiranga,-5.1347,-49.3267,79.12400000000001,87,87,0.93,BR,1678363523
189,bambous virieux,-20.3428,57.7575,83.21000000000008,94,75,2.06,MU,1678363525
190,mangrol,21.1167,70.1167,85.15400000000005,43,0,6.24,IN,1678363526
191,berezovyy,51.6667,135.7,13.118000000000087,96,100,1.48,RU,1678363528
192,tyukhtet,56.5389,89.3011,3.1999999999999993,93,100,2.1,RU,1678363529
193,carnarvon,-24.8667,113.6333,77.18000000000004,67,0,10.56,AU,1678363531
194,tignere,7.3667,12.65,93.47000000000006,13,99,2.8,CM,1678363533
195,la ronge,55.1001,-105.2842,-14.547999999999973,70,0,0.51,CA,1678363534
196,birao,10.2849,22.7882,102.83000000000004,10,72,5.86,CF,1678363536
197,norman wells,65.282,-126.8329,-12.963999999999984,77,20,1.03,CA,1678363143
198,pangnirtung,66.1451,-65.7125,10.130000000000042,80,35,2.18,CA,1678363539
199,japura,-0.3167,102.35,74.93000000000004,95,86,1.44,ID,1678363540
200,ixtapa,20.7,-105.2,65.22800000000007,88,0,0.45,MX,1678363542
201,ugoofaaru,5.6667,73.0,81.10400000000006,80,40,5.92,MV,1678363543
202,bone,51.9669,12.1396,39.812000000000054,88,100,0.64,DE,1678363545
203,upernavik,72.7868,-56.1549,-10.245999999999945,94,80,2.74,GL,1678363483
204,jalu,29.0331,21.5482,72.21200000000006,31,0,4.05,LY,1678363547
205,kochkurovo,54.0358,45.4184,33.89000000000002,99,100,4.77,RU,1678363549
206,faya,18.3851,42.4509,71.708,37,2,5.28,SA,1678363550
207,lagoa,39.05,-27.9833,61.088000000000044,90,100,14.63,PT,1678363552
208,nikolayevsk-na-amure,53.1406,140.73,13.748000000000026,95,100,1.75,RU,1678363553
209,dikson,73.5069,80.5464,-3.279999999999937,95,99,6.67,RU,1678363555
210,mehamn,71.0357,27.8492,22.910000000000082,49,75,7.72,NO,1678363556
211,menongue,-14.6585,17.691,81.98600000000008,52,100,1.82,AO,1678363557
212,baykit,61.67,96.37,-3.4419999999999433,90,100,5.3,RU,1678363559
213,west chester,39.9607,-75.6055,33.008,70,0,2.68,US,1678363563
214,araouane,18.9048,-3.5265,94.11800000000008,5,0,6.26,ML,1678363564
215,djenne,13.9061,-4.5533,98.20400000000005,4,17,5.11,ML,1678363567
216,horsham,51.064,-0.3272,51.314000000000036,94,75,4.63,GB,1678363569
217,tanete,-3.9443,119.7848,76.85600000000002,87,72,1.26,ID,1678363570
218,iqaluit,63.7506,-68.5145,10.130000000000042,92,75,8.23,CA,1678363572
219,sulechow,52.0836,15.6251,36.64400000000008,75,100,4.12,PL,1678363573
220,tonj,7.2737,28.6822,105.44000000000003,15,90,2.46,SS,1678363575
221,itaituba,-4.2761,-55.9836,75.36200000000005,100,75,0.0,BR,1678363427
222,dillingen,49.35,6.7333,55.11200000000006,82,100,7.47,DE,1678363578
223,gemena,3.25,19.7667,88.98800000000004,42,99,1.73,CD,1678363579
224,koslan,63.4564,48.8989,24.638000000000044,96,100,3.15,RU,1678363581
225,port moresby,-9.4431,147.1797,78.22400000000002,83,20,2.57,PG,1678363327
226,east london,-33.0153,27.9116,79.73600000000008,61,0,2.57,ZA,1678363583
227,santo domingo,18.5001,-69.9886,74.03000000000004,78,48,2.24,DO,1678363509
228,yellowknife,62.456,-114.3525,-3.477999999999966,77,100,2.57,CA,1678363287
229,majene,-3.5403,118.9707,79.10600000000002,83,79,1.51,ID,1678363589
230,te anau,-45.4167,167.7167,49.94600000000005,91,21,0.89,NZ,1678363590
231,ullal,12.8,74.85,94.15400000000005,31,73,2.57,IN,1678363592
232,hambantota,6.1241,81.1185,88.142,70,20,6.17,LK,1678363593
233,joensuu,62.6012,29.7632,16.28600000000007,59,0,5.81,FI,1678363595
234,kahului,20.8947,-156.47,71.61800000000008,70,100,6.17,US,1678363597
235,remigio,-6.9333,-35.7833,76.28000000000004,63,64,7.36,BR,1678363599
236,khatanga,71.9667,102.5,-14.745999999999945,97,100,5.04,RU,1678363600
237,cayenne,4.9333,-52.3333,82.43600000000006,74,20,3.09,GF,1678363602
238,ribeira grande,38.5167,-28.7,63.77000000000006,94,75,12.96,PT,1678363603
239,pitimbu,-7.4706,-34.8086,86.59400000000008,65,87,6.37,BR,1678363605
240,gamba,-2.65,10.0,85.13600000000007,66,48,3.69,GA,1678363606
241,noumea,-22.2763,166.4572,75.18200000000002,72,1,3.55,NC,1678363607
242,kruisfontein,-34.0033,24.7314,75.88399999999999,57,0,6.15,ZA,1678363610
243,rapu-rapu,13.1866,124.1256,79.08800000000005,75,10,5.51,PH,1678363611
244,shelburne,44.0787,-80.2041,22.76600000000001,84,95,4.95,CA,1678363613
245,boueni,-12.9025,45.0761,89.58200000000002,71,81,5.66,YT,1678363614
246,hearst,49.6835,-83.6665,-5.547999999999973,100,100,1.4,CA,1678363442
247,severo-kurilsk,50.6789,156.125,27.62600000000009,86,77,7.27,RU,1678363617
248,bonthe,7.5264,-12.505,87.00800000000001,59,89,3.7,SL,1678363619
249,teya,60.3778,92.6267,-3.1359999999999673,89,100,4.26,RU,1678363621
250,kirakira,-10.4544,161.9205,78.908,85,77,1.68,SB,1678363622
251,vao,-22.6667,167.4833,77.59400000000008,73,77,7.56,NC,1678363624
252,at-bashi,41.1702,75.8106,30.758000000000003,86,85,0.29,KG,1678363626
253,bambanglipuro,-7.95,110.2833,78.58399999999999,82,34,1.9,ID,1678363627
254,dahuk,36.8695,42.994,57.61400000000003,53,100,2.25,IQ,1678363630
255,cap malheureux,-19.9842,57.6142,83.46200000000006,79,57,2.24,MU,1678363633
256,belaya gora,68.5333,146.4167,-28.191999999999936,100,39,1.01,RU,1678363635
257,fairbanks,64.8378,-147.7164,30.164000000000033,90,100,5.14,US,1678363444
258,reo,12.3167,-2.4667,98.816,5,74,2.75,BF,1678363637
259,saint-leu,-21.15,55.2833,83.31800000000008,92,69,6.29,RE,1678363639
260,deputatskiy,69.3,139.9,-29.91999999999996,94,31,1.85,RU,1678363641
261,nagato,34.3833,131.2,55.79600000000005,86,81,4.75,JP,1678363643
262,rosa zarate,0.3333,-79.4667,71.72600000000008,98,100,1.11,EC,1678363644
263,khandyga,62.6667,135.6,-5.367999999999981,90,96,1.85,RU,1678363646
264,belen,36.4891,36.2233,59.14400000000008,48,40,10.8,TR,1678363647
265,ketchikan,55.3422,-131.6461,33.78200000000002,74,0,3.09,US,1678363649
266,tomatlan,19.9333,-105.25,60.13399999999999,79,85,1.52,MX,1678363650
267,cassilandia,-19.1133,-51.7342,74.62400000000001,86,100,2.33,BR,1678363452
268,svetlogorsk,52.6333,29.7333,32.72000000000006,96,100,4.31,BY,1678363653
269,khovu-aksy,51.1333,93.6,11.696000000000048,78,60,0.97,RU,1678363655
270,tangshan,39.6333,118.1833,59.504000000000055,24,33,1.08,CN,1678363657
271,bonavista,48.6499,-53.1147,30.668000000000085,78,93,12.42,CA,1678363659
272,kavieng,-2.5744,150.7967,81.44600000000005,75,100,1.87,PG,1678363660
273,esna,25.2934,32.554,82.74199999999999,14,0,2.98,EG,1678363661
274,batagay,67.6333,134.6333,-30.909999999999982,99,13,1.38,RU,1678363663
275,peace river,56.2501,-117.286,-6.2679999999999865,99,17,1.05,CA,1678363664
276,broome,42.2506,-75.833,28.616000000000007,85,100,3.09,US,1678363666
277,cururupu,-1.8283,-44.8683,79.934,88,75,1.53,BR,1678363667
278,arman,59.7,150.1667,-9.669999999999959,97,60,2.36,RU,1678363669
279,vila velha,-20.3297,-40.2925,84.14600000000004,81,75,4.12,BR,1678363659
280,liku,-0.7275,119.8922,75.59600000000005,93,93,0.35,ID,1678363672
281,battle creek,42.3212,-85.1797,33.854000000000056,38,75,3.09,US,1678363673
282,clonmel,52.355,-7.7039,41.05400000000005,100,100,2.99,IE,1678363674
283,lamu,-2.2717,40.902,83.96600000000001,67,80,7.35,KE,1678363676
284,torbay,47.6666,-52.7314,33.58399999999999,87,75,16.98,CA,1678363569
285,caravelas,-17.7125,-39.2481,82.86800000000008,65,97,1.64,BR,1678363680
286,whyalla,-33.0333,137.5833,67.02800000000006,69,0,7.09,AU,1678363682
287,forio,40.7342,13.8646,61.43000000000004,89,16,1.34,IT,1678363684
288,port hedland,-20.3167,118.5667,87.85400000000006,74,46,5.14,AU,1678363687
289,ban nahin,18.2418,104.2122,80.24000000000002,45,15,2.35,LA,1678363688
290,moerai,-22.4333,-151.3333,81.42800000000007,79,70,2.98,PF,1678363653
291,naze,28.3667,129.4833,59.018000000000086,79,100,3.31,JP,1678363691
292,lata,40.1629,-8.3327,62.07800000000007,82,63,6.14,PT,1678363693
293,santa cruz de la palma,28.6835,-17.7642,71.74400000000007,64,20,4.12,ES,1678363695
294,portland,45.5234,-122.6762,42.08000000000004,78,100,2.24,US,1678363162
295,quatre cocos,-20.2078,57.7625,83.08399999999999,77,72,5.74,MU,1678363697
296,labrea,-7.2586,-64.7981,75.59600000000005,91,100,1.61,BR,1678363699
297,coquimbo,-29.9533,-71.3436,64.13000000000004,94,20,1.03,CL,1678363402
298,laxou,48.6832,6.148,53.42000000000006,85,100,6.69,FR,1678363703
299,trairi,-3.2778,-39.2689,80.85200000000007,83,90,4.71,BR,1678363474
300,raudeberg,61.9875,5.1352,27.86000000000008,70,52,6.47,NO,1678363706
301,sisimiut,66.9395,-53.6735,7.736000000000068,88,27,4.29,GL,1678363709
302,mogok,22.9167,96.5,70.03399999999999,35,95,0.83,MM,1678363603
303,luanda,-8.8368,13.2343,86.0,62,40,5.66,AO,1678363712
304,diamantino,-14.4086,-56.4461,75.05600000000003,89,93,2.46,BR,1678363713
305,vitina,43.2375,17.4839,60.36800000000009,83,99,4.18,BA,1678363716
306,san rafael del sur,11.8485,-86.4384,74.91200000000006,72,100,3.95,NI,1678363718
307,saldanha,-33.0117,17.9442,63.57200000000004,85,91,4.75,ZA,1678363719
308,vardo,70.3705,31.1107,15.782000000000018,79,20,9.77,NO,1678363721
309,sechura,-5.5569,-80.8222,77.37800000000007,80,100,2.23,PE,1678363723
310,port elizabeth,-33.918,25.5701,78.09800000000003,69,0,4.92,ZA,1678363725
311,leh,34.1667,77.5833,20.372000000000035,56,0,0.47,IN,1678363667
312,ust-ishim,57.6935,71.1665,24.60200000000008,92,100,4.18,RU,1678363727
313,jackson,42.4165,-122.8345,37.04000000000002,82,100,0.0,US,1678363459
314,luderitz,-26.6481,15.1594,72.12200000000004,60,0,7.8,NA,1678363730
315,yulara,-25.2406,130.9889,72.86000000000008,29,0,4.1,AU,1678363731
316,bibai,43.3247,141.8586,34.98800000000004,89,100,2.34,JP,1678363733
317,mitsamiouli,-11.3847,43.2844,83.89400000000008,69,65,5.92,KM,1678363735
318,sorong,-0.8833,131.25,81.10400000000006,78,13,3.19,ID,1678363736
319,havoysund,70.9963,24.6622,21.43399999999999,85,100,4.73,NO,1678363737
320,pisco,-13.7,-76.2167,75.25400000000005,83,75,1.03,PE,1678363547
321,camacha,33.0833,-16.3333,67.424,78,40,5.14,PT,1678363740
322,coahuayana,18.7333,-103.6833,64.90400000000005,87,3,1.64,MX,1678363741
323,andreyevo,55.9465,41.1505,29.804000000000052,90,91,4.32,RU,1678363743
324,manaure,11.7751,-72.4445,75.16400000000003,84,99,4.34,CO,1678363746
325,katsuura,35.1333,140.3,60.74600000000005,75,83,7.63,JP,1678363750
326,sambava,-14.2667,50.1667,85.22600000000008,66,74,4.65,MG,1678363753
327,honningsvag,70.9821,25.9704,20.948000000000025,53,75,6.17,NO,1678363755
328,whitehorse,60.7161,-135.0538,2.0120000000000573,58,87,1.34,CA,1678363613
329,laurel,39.0993,-76.8483,36.860000000000085,69,0,2.06,US,1678363655
330,nadym,65.5333,72.5167,3.002000000000077,82,70,8.21,RU,1678363760
331,ancud,-41.8697,-73.8203,52.268000000000086,90,100,2.79,CL,1678363762
332,mareeba,-17.0,145.4333,77.72000000000006,91,23,1.07,AU,1678363765
333,porto novo,6.4965,2.6036,89.88800000000005,56,31,4.61,BJ,1678363767
334,bontang,0.1333,117.5,79.62800000000007,83,38,2.22,ID,1678363769
335,egvekinot,66.3167,-179.1667,2.2280000000000655,96,96,0.69,RU,1678363771
336,khuzdar,27.7384,66.6434,76.13600000000007,19,1,1.75,PK,1678363774
337,formosa,-26.1775,-58.1781,78.96200000000006,80,0,0.89,AR,1678363775
338,gat,31.61,34.7642,68.77400000000002,16,6,5.27,IL,1678363561
339,iskateley,67.6803,53.1512,20.60600000000003,86,100,7.84,RU,1678363779
340,qaqortoq,60.7167,-46.0333,19.598000000000024,70,84,3.93,GL,1678363781
341,alofi,-19.0595,-169.9187,79.95200000000008,83,100,10.23,NU,1678363783
342,aykhal,66.0,111.5,1.6339999999999932,99,100,1.25,RU,1678363785
343,bay city,43.5945,-83.8889,32.0,86,0,3.6,US,1678363633
344,katobu,-4.9408,122.5276,76.56800000000008,89,32,1.5,ID,1678363787
345,saint-paul,-21.0096,55.2707,84.36200000000005,92,66,0.89,RE,1678363789
346,vicosa,-20.7539,-42.8819,73.058,83,100,2.99,BR,1678363790
347,pinawa,50.1489,-95.8811,13.82000000000006,96,97,2.0,CA,1678363792
348,tautira,-17.7333,-149.15,80.67200000000004,82,22,3.1,PF,1678363793
349,esperance,-33.8667,121.9,68.99000000000002,71,5,7.69,AU,1678363794
350,novopokrovka,49.8425,36.5477,56.55200000000008,51,60,7.39,UA,1678363797
351,kalabo,-14.97,22.6814,88.23200000000001,46,57,1.9,ZM,1678363798
352,poum,-20.2333,164.0167,80.13200000000002,70,21,4.39,NC,1678363800
353,camrose,53.0168,-112.8353,-10.08399999999994,69,97,2.86,CA,1678363801
354,nouadhibou,20.931,-17.0347,69.62000000000006,53,0,3.84,MR,1678363804
355,tigil,57.8,158.6667,-8.193999999999974,100,79,1.01,RU,1678363806
356,grootfontein,-19.5667,18.1167,90.75200000000008,13,15,4.11,NA,1678363808
357,samarai,-10.6167,150.6667,81.78800000000004,74,71,1.39,PG,1678363810
358,fortuna,40.5982,-124.1573,44.94199999999999,81,100,8.23,US,1678363812
359,warri,5.5167,5.75,91.31000000000009,53,95,2.6,NG,1678363813
360,juneau,58.3019,-134.4197,11.408000000000005,88,48,3.12,US,1678363723
361,tuatapere,-46.1333,167.6833,51.22400000000001,84,16,1.83,NZ,1678363818
362,almeirim,-1.5233,-52.5817,76.04600000000005,91,97,1.69,BR,1678363819
363,general bravo,25.8,-99.1667,68.70200000000008,89,6,4.97,MX,1678363821
364,moussoro,13.6408,16.4901,102.88399999999999,6,92,8.51,TD,1678363823
365,garden city,42.3256,-83.331,32.25200000000008,75,100,1.54,US,1678363642
366,marawi,7.9986,124.2928,68.82800000000006,97,68,1.25,PH,1678363825
367,basco,20.4487,121.9702,72.86000000000008,75,13,6.88,PH,1678363827
368,narsaq,60.9167,-46.05,25.01600000000001,70,89,3.72,GL,1678363829
369,codrington,-38.2667,141.9667,57.2,90,37,2.33,AU,1678363830
370,mamallapuram,12.6264,80.1722,86.05400000000006,59,100,6.09,IN,1678363832
371,kaniama,-7.5667,24.1833,79.934,65,100,2.39,CD,1678363833
372,gizo,-8.103,156.8419,82.02200000000003,73,100,0.3,SB,1678363835
373,mvuma,-19.2792,30.5283,82.292,34,100,4.51,ZW,1678363838
374,vangaindrano,-23.35,47.6,76.53200000000001,89,94,1.19,MG,1678363839
375,cidreira,-30.1811,-50.2056,79.32200000000003,69,3,3.7,BR,1678363840
376,ponta delgada,37.7333,-25.6667,61.52000000000006,94,75,6.17,PT,1678363842
377,yokadouma,3.5167,15.05,100.32800000000006,27,63,0.72,CM,1678363843
378,otradnoye,59.7775,30.8181,21.254000000000055,90,100,4.3,RU,1678363845
379,salalah,17.0151,54.0924,84.29000000000002,54,20,2.57,OM,1678363847
380,kawalu,-7.3817,108.2082,73.50800000000001,96,86,0.9,ID,1678363848
381,ierapetra,35.01,25.7353,61.86200000000006,56,0,4.22,GR,1678363851
382,kuvshinovo,57.0295,34.1725,27.212000000000057,86,100,4.89,RU,1678363852
383,odweyne,9.4092,45.064,86.97200000000004,23,47,2.37,SO,1678363854
384,krasnoselkup,65.7,82.4667,-0.39999999999994884,86,97,6.4,RU,1678363855
385,buriti dos lopes,-3.175,-41.8669,84.34400000000008,65,75,1.57,BR,1678363856
386,skjervoy,70.0311,20.9714,24.8,76,100,13.42,NO,1678363858
387,victoria,22.2855,114.1577,76.19000000000003,81,12,3.12,HK,1678363715
388,tarancon,40.0085,-3.0073,57.34400000000007,68,95,10.24,ES,1678363860
389,kyzyl-suu,42.3414,78.0056,41.45,71,100,0.81,KG,1678363862
390,kashi,39.4547,75.9797,68.73800000000004,12,79,1.56,CN,1678363863
391,cockburn town,21.4612,-71.1419,74.69600000000005,61,68,8.18,TC,1678363836
392,bulgan,48.8125,103.5347,30.991999999999997,72,98,8.09,MN,1678363868
393,ilorin,8.5,4.55,97.12400000000001,34,35,2.22,NG,1678363870
394,chaohu,31.6,117.8667,68.64800000000002,37,0,2.44,CN,1678363871
395,gramsh,40.8697,20.1844,63.662000000000056,58,84,2.81,AL,1678363873
396,ahipara,-35.1667,173.1667,63.518000000000086,93,98,3.82,NZ,1678363875
397,sharkan,57.2989,53.8712,34.17800000000007,96,100,7.65,RU,1678363876
398,sur,22.5667,59.5289,82.43600000000006,36,36,6.21,OM,1678363878
399,polje,43.8806,18.0744,56.444000000000074,83,98,3.56,BA,1678363880
400,goderich,43.7501,-81.7165,26.906000000000027,85,81,5.96,CA,1678363881
401,korla,41.7597,86.1469,56.46200000000006,34,9,4.56,CN,1678363883
402,alyangula,-13.8483,136.4192,80.042,61,1,1.91,AU,1678363885
403,samdari,25.8167,72.5833,89.51000000000008,13,0,3.73,IN,1678363887
404,arenapolis,-14.4503,-56.8461,75.00200000000008,90,88,2.23,BR,1678363888
405,buritis,-15.6178,-46.4233,75.88399999999999,65,100,1.32,BR,1678363891
406,casper,42.8666,-106.3131,19.994000000000074,93,100,4.12,US,1678363892
407,dukstas,55.5333,26.3333,30.254000000000055,68,78,3.61,LT,1678363894
408,san javier,37.8063,-0.8374,71.31200000000005,44,0,3.6,ES,1678363896
409,guaymas,27.9333,-110.9,63.391999999999996,40,98,2.38,MX,1678363897
410,rocha,-34.4833,-54.3333,74.57000000000006,69,1,1.86,UY,1678363732
411,coos bay,43.3665,-124.2179,42.92600000000009,75,100,5.14,US,1678363900
412,sosnovo-ozerskoye,52.5249,111.5418,23.39600000000005,73,100,7.05,RU,1678363901
413,san cristobal,7.7669,-72.225,66.38000000000004,92,99,1.4,VE,1678363903
414,itarema,-2.9248,-39.9167,81.19400000000007,78,88,5.71,BR,1678363905
415,vammala,61.3333,22.9,20.60600000000003,61,7,1.88,FI,1678363906
416,lorengau,-2.0226,147.2712,81.46400000000003,78,99,2.29,PG,1678363908
417,pangody,65.85,74.4859,1.2740000000000116,83,85,7.95,RU,1678363909
418,pandua,23.0833,88.2833,88.21400000000003,24,79,0.43,IN,1678363910
419,olga,43.7444,135.2892,30.38000000000004,95,100,3.28,RU,1678363912
420,ostrovnoy,68.0531,39.5131,8.276000000000089,89,36,6.83,RU,1678363913
421,kaili,-3.4626,120.2147,68.64800000000002,97,98,0.97,ID,1678363914
422,saint anthony,45.0205,-93.218,34.754000000000055,75,100,2.57,US,1678363916
423,zhengjiatun,43.5064,123.5064,47.030000000000044,31,30,3.71,CN,1678363917
424,port lincoln,-34.7333,135.8667,60.83600000000007,78,48,3.76,AU,1678363920
425,malvern,34.3623,-92.813,51.314000000000036,91,100,2.62,US,1678363921
426,mirnyy,62.5353,113.9611,18.554000000000052,96,100,2.62,RU,1678363651
427,sawang daen din,17.4753,103.4575,92.10200000000007,94,0,0.08,TH,1678363924
428,sankeshwar,16.2667,74.4833,89.99600000000005,16,3,4.25,IN,1678363926
429,moscow,55.7522,37.6156,29.372000000000035,91,100,4.37,RU,1678363764
430,shubarkuduk,49.1447,56.4872,33.908,83,37,5.29,KZ,1678363928
431,lincoln,40.8,-96.667,34.17800000000007,96,100,2.06,US,1678363494
432,palmer,42.1584,-72.3287,33.40400000000005,66,85,0.89,US,1678363931
433,robertsport,6.7533,-11.3686,82.27400000000002,71,45,3.18,LR,1678363933
434,pinega,64.7001,43.3936,23.9,93,100,0.5,RU,1678363936
435,chabahar,25.2919,60.643,79.26800000000009,57,76,4.28,IR,1678363937
436,pochutla,15.7432,-96.4661,71.816,79,0,1.25,MX,1678363939
437,kaitangata,-46.2817,169.8464,53.096000000000046,96,43,1.51,NZ,1678363941
438,sao felix do xingu,-6.6447,-51.995,74.91200000000006,94,99,0.25,BR,1678363942
439,umm kaddadah,13.6017,26.6876,93.95600000000003,8,65,9.24,SD,1678363944
440,banda aceh,5.5577,95.3222,80.97800000000007,74,48,6.03,ID,1678363946
441,sarkand,45.41,79.9186,37.11200000000006,88,100,1.72,KZ,1678363948
442,nanzhou,29.3596,112.4024,69.85400000000006,48,14,3.74,CN,1678363949
443,okmulgee,35.6234,-95.9605,51.17000000000006,100,100,3.09,US,1678363951
444,kusa,55.3383,59.4406,34.57400000000001,84,100,6.92,RU,1678363953
445,keflavik,64.0049,-22.5624,27.032000000000018,54,0,4.63,IS,1678363954
446,orocue,4.7912,-71.3354,81.842,61,96,1.4,CO,1678363955
447,buraydah,26.326,43.975,78.74600000000005,22,85,2.32,SA,1678363957
448,laguna,38.421,-121.4238,43.32200000000004,87,100,3.09,US,1678363959
449,caninde,-4.3589,-39.3117,84.41600000000001,60,57,4.43,BR,1678363960
450,bardiyah,31.7561,25.0865,63.44600000000005,59,0,8.81,LY,1678363964
451,emerald,-23.5333,148.1667,70.34000000000002,97,100,8.58,AU,1678363966
452,port blair,11.6667,92.75,80.96000000000008,67,6,4.75,IN,1678363967
453,charters towers,-20.1,146.2667,75.66800000000009,93,82,5.23,AU,1678363968
454,syracuse,37.0881,15.2792,74.57000000000006,62,22,5.27,IT,1678363790
455,seoul,37.5683,126.9778,47.588000000000044,66,1,1.5,KR,1678363733
456,acajutla,13.5928,-89.8275,76.11800000000008,72,84,2.63,SV,1678363972
457,kosh-agach,50.0,88.6667,7.898000000000025,79,17,1.84,RU,1678363974
458,baoning,25.3378,110.026,73.72400000000002,37,1,1.42,CN,1678363975
459,kharp,66.8014,65.8081,-2.145999999999944,100,91,0.97,RU,1678363976
460,nueva concepcion,14.2,-91.3,72.32000000000006,78,93,1.55,GT,1678363978
461,okhotsk,59.3833,143.3,3.5419999999999945,98,99,3.21,RU,1678363979
462,fauske,67.2588,15.3918,28.778000000000066,93,100,4.33,NO,1678363821
463,idrinskoye,54.3708,92.1358,4.783999999999992,87,54,0.46,RU,1678363982
464,rodrigues alves,-7.738,-72.6509,74.12000000000006,95,98,1.09,BR,1678363984
465,neustrelitz,53.3667,13.0833,35.42000000000006,83,100,2.93,DE,1678363985
466,panjakent,39.4952,67.6093,56.80400000000005,63,100,3.72,TJ,1678363987
467,vila franca do campo,37.7167,-25.4333,61.214000000000034,89,89,7.2,PT,1678363988
468,glendive,47.1053,-104.7125,13.748000000000026,90,100,5.14,US,1678363990
469,hervey bay,-25.2986,152.8535,77.30600000000003,71,100,4.38,AU,1678363936
470,okha,53.5739,142.9478,15.458000000000006,92,100,4.49,RU,1678363993
471,mildura,-34.2,142.15,59.07200000000004,65,0,3.99,AU,1678363995
472,kologriv,58.8275,44.3178,29.75,84,94,6.03,RU,1678363996
473,iberia,29.9502,-91.7507,70.05200000000008,88,100,0.0,US,1678363998
474,kefamenanu,-9.4467,124.4781,71.99600000000005,94,50,0.93,ID,1678364000
475,tasiilaq,65.6145,-37.6368,19.562000000000058,92,100,5.76,GL,1678364002
476,trzebiatow,54.0615,15.2648,33.854000000000056,61,100,4.0,PL,1678364004
477,sinnamary,5.3833,-52.95,78.99800000000002,73,82,4.01,GF,1678364005
478,prainha,-1.8,-53.48,75.63200000000002,90,100,0.77,BR,1678364007
479,san patricio,28.017,-97.5169,73.88600000000007,95,40,3.42,US,1678364009
480,mangai,-4.05,19.5333,92.89400000000008,41,94,1.91,CD,1678364010
481,liling,27.6667,113.5,70.44800000000002,42,2,1.97,CN,1678364012
482,maragogi,-9.0122,-35.2225,82.90400000000005,70,46,4.64,BR,1678364013
483,tezu,27.9167,96.1667,75.99199999999999,34,4,1.62,IN,1678364015
484,srednekolymsk,67.45,153.6833,-28.011999999999958,99,74,1.16,RU,1678364017
485,bethel,41.3712,-73.414,33.89000000000002,67,0,1.79,US,1678363761
486,sakakah,29.9697,40.2064,67.658,31,3,3.38,SA,1678363851
487,san policarpo,12.1791,125.5072,77.50400000000005,76,1,4.6,PH,1678364021
488,yongchang,30.0381,119.7317,63.06800000000008,48,2,0.58,CN,1678364022
489,the valley,18.217,-63.0578,82.09400000000008,65,20,4.12,AI,1678364024
490,singarayakonda,15.25,80.0333,81.33800000000005,55,100,4.73,IN,1678364025
491,winnemucca,40.973,-117.7357,26.654000000000053,63,100,3.6,US,1678363816
492,moyo,3.6609,31.7247,96.83600000000007,19,82,1.78,UG,1678364028
493,farrukhnagar,17.0778,78.2011,85.71200000000006,19,3,4.65,IN,1678364029
494,tromso,69.6496,18.957,27.374000000000013,86,75,9.26,NO,1678364031
495,pinsk,52.1229,26.0951,33.78200000000002,94,100,4.72,BY,1678364032
496,kibaya,-5.3,36.5667,87.76400000000004,23,99,2.21,TZ,1678364033
497,klaksvik,62.2266,-6.589,32.918000000000085,59,100,9.64,FO,1678364035
498,cherskiy,68.75,161.3,-12.423999999999964,91,100,2.22,RU,1678364036
499,paragominas,-2.9667,-47.4833,78.00800000000001,86,81,0.93,BR,1678364037
500,maputo,-25.9653,32.5892,87.47600000000008,66,40,5.14,MZ,1678364039
501,lixourion,38.2019,20.4314,60.8,77,40,4.12,GR,1678364040
502,acari,-15.4311,-74.6158,74.96600000000001,79,100,0.72,PE,1678364042
503,alta floresta,-9.8756,-56.0861,71.47400000000002,98,100,0.52,BR,1678363816
504,axim,4.8699,-2.2405,85.26200000000006,69,22,3.4,GH,1678364045
505,oktyabrskiy,54.4815,53.471,34.50200000000008,98,100,8.21,RU,1678364047
506,abilene,32.4487,-99.7331,49.766000000000005,96,100,1.54,US,1678364036
507,pahrump,36.2083,-115.9839,39.254000000000055,49,98,0.45,US,1678364049
508,encantado,-29.2361,-51.8697,83.01200000000006,76,27,0.94,BR,1678363861
509,abha,18.2164,42.5053,68.25200000000008,46,20,7.72,SA,1678363856
510,cartagena del chaira,1.3349,-74.8429,72.44600000000005,99,100,1.18,CO,1678364053
511,amantea,39.1332,16.0746,64.45400000000005,71,100,0.76,IT,1678364055
512,antropovo,58.3988,43.0066,28.34600000000005,84,98,5.78,RU,1678364057
513,chapais,49.7834,-74.8492,17.40200000000008,94,100,3.87,CA,1678364058
514,tazovskiy,67.4667,78.7,-0.7419999999999476,82,100,7.53,RU,1678364060
515,longyearbyen,78.2186,15.6401,4.838000000000044,51,75,9.77,SJ,1678364061
516,carire,-3.9506,-40.4733,86.41400000000003,52,59,3.39,BR,1678364063
517,bissau,11.8636,-15.5977,90.41000000000008,32,13,1.47,GW,1678364064
518,westerly,41.3776,-71.8273,37.86800000000009,69,100,6.17,US,1678363993
519,zeya,53.75,127.2667,22.712000000000057,96,100,2.12,RU,1678364067
520,elliot,-31.3333,27.85,82.90400000000005,17,0,3.55,ZA,1678364068
521,walvis bay,-22.9575,14.5053,65.08399999999999,55,7,7.74,NA,1678363935
522,geraldton,-28.7667,114.6,70.21400000000003,68,41,4.12,AU,1678364071
523,mirassol,-20.8192,-49.5211,75.29000000000002,75,48,3.01,BR,1678364073
524,yar-sale,66.8333,70.8333,4.244000000000074,94,93,6.58,RU,1678364075
525,nelson bay,-32.7167,152.15,73.99400000000007,79,0,4.02,AU,1678364078
526,zabol,32.25,67.25,64.184,24,9,4.48,AF,1678364079
527,camacupa,-12.0167,17.4833,71.97800000000007,77,100,0.89,AO,1678364081
528,bodaybo,57.8506,114.1933,25.664000000000033,83,100,7.5,RU,1678364084
529,abu samrah,35.3029,37.1841,64.68800000000005,33,1,5.74,SY,1678364085
530,mayumba,-3.432,10.6554,82.79600000000005,71,66,3.98,GA,1678364086
531,fort wellington,6.4,-57.6,78.908,73,97,4.03,GY,1678364088
532,vanimo,-2.6741,141.3028,78.76400000000004,88,81,1.95,PG,1678364089
533,quesnel,52.9999,-122.5029,-7.113999999999983,100,82,0.61,CA,1678364090
534,batemans bay,-35.7167,150.1833,64.09400000000008,81,0,1.7,AU,1678363850
535,viedma,-40.8135,-62.9967,71.31200000000005,58,53,3.55,AR,1678363874
536,jamame,0.0722,42.7506,90.08600000000007,47,16,7.44,SO,1678364094
537,kilgore,32.3863,-94.8758,61.43000000000004,94,100,3.09,US,1678364096
538,miquelon,47.0975,-56.3814,33.8,77,100,14.87,PM,1678364098
539,xinzhou,38.4092,112.7333,59.360000000000085,20,3,3.32,CN,1678364100
540,vostok,46.4856,135.8833,20.78600000000007,97,100,1.7,RU,1678364102
541,inuvik,68.3499,-133.7218,-1.9119999999999564,89,100,1.93,CA,1678363829
542,aksarka,66.5606,67.7975,6.152000000000079,94,100,5.5,RU,1678364107
543,flinders,-34.5833,150.8552,64.38200000000002,74,0,1.66,AU,1678364112
544,ailigandi,9.2333,-78.0167,75.61400000000003,81,100,2.72,PA,1678364115
545,kalmunai,7.4167,81.8167,79.77200000000003,81,31,4.96,LK,1678364120
546,rivera,-30.9053,-55.5508,82.02200000000003,47,0,1.69,UY,1678364123
547,corsicana,32.0954,-96.4689,60.062000000000054,91,97,0.45,US,1678364125
548,rudnyy,52.9594,63.1206,28.633999999999993,79,100,7.95,KZ,1678364126
549,bantou,26.2151,117.4893,66.48800000000004,50,0,1.69,CN,1678364128
550,am timan,11.0297,20.2827,102.97400000000002,9,63,5.0,TD,1678364130
551,lakes entrance,-37.8811,147.981,58.15400000000005,73,1,5.03,AU,1678364133
552,isangel,-19.55,169.2667,76.37000000000006,75,8,4.56,VU,1678364135
553,newport,51.5877,-2.9984,51.02600000000009,95,100,2.46,GB,1678364076
554,micheweni,-4.9667,39.8333,84.25400000000005,63,48,6.67,TZ,1678364138
555,taltal,-25.4,-70.4833,69.0260000000001,79,12,0.62,CL,1678364140
556,teupasenti,14.2167,-86.7,60.8,98,85,0.69,HN,1678364142
557,bandarbeyla,9.4942,50.8122,81.41000000000008,64,50,6.11,SO,1678364144
558,labuan,5.2767,115.2417,79.934,85,34,6.43,MY,1678364146
559,floriano,-6.7669,-43.0225,87.89000000000001,40,50,3.36,BR,1678364147
560,kinablangan,7.6947,126.5503,79.016,85,23,4.1,PH,1678364149
561,khodz,44.5102,40.7142,60.314000000000036,42,95,2.07,RU,1678364150
562,zyryanka,65.75,150.85,-28.371999999999936,100,15,1.13,RU,1678364152
563,yakeshi,49.2833,120.7333,16.736000000000068,92,94,1.62,CN,1678364153
564,jacala,21.0167,-99.1833,51.062000000000054,94,7,1.04,MX,1678364155
